TSNE1,TSNE2,cluster,student_ID
-14.159333,-16.670208,2,0088dc183f73c83f763e
-9.698304,-13.0273695,2,00cbf05221bb479e66c3
7.021459,-15.197865,1,00df647ee4bf7173642f
-4.955951,-31.30086,1,0107f72b66cbd1a0926d
-18.061007,-1.2903247,2,011d454f199c123d44ad
-25.406393,-15.933352,2,01558eef77a8d39b7103
-4.20068,-16.19792,1,016226278e6a69e10aa4
4.5054708,-11.988409,1,01a691413dc5897db83f
-13.781018,-17.481232,2,01d8aa21ef476b66c573
5.3271036,37.43694,0,01qkq6w2v62cimidb3b7
-1.2146474,48.987076,0,02068067a434adb6556a
4.5353603,-13.998069,1,0258f681a9e1756dfc76
16.181059,-22.86072,1,03754dce5ec7731fb3e2
-37.76948,11.348044,2,037a76bc8e6bf5fe1fc0
-9.18615,-14.824273,2,03aa0b20dd4af1888eef
-34.201653,-0.79945695,2,03b463f52c0fff35433b
-36.831474,-1.8141315,2,03e0c9bff3a9557480d9
3.500126,-10.785859,0,04f2689b4ea16d8d7d9a
6.38247,-14.559831,1,0557b1363a5092b5811f
7.8649774,-19.542204,1,0559e9cf806dab4cc20d
-5.8603296,-16.379568,1,056ab41140f68c15db14
-30.456163,-12.711555,2,058c03d945c4ae0978a0
-28.586676,8.606484,2,05e1c3ce1728da7e37e0
8.193393,-15.237531,1,05e6d9723ab3cde0841d
-3.354556,-36.635014,1,061db2c91f94c612f2d4
-36.11133,10.824385,2,06309f4c8785254f4c13
12.285864,-28.746574,1,06aff3e28c5db152f506
-34.740044,-12.034574,2,071685b292483b04e836
-25.741947,-13.838599,2,074d7f43de7264306775
-28.60733,-11.993658,2,077d5c82c9ee5019220f
-33.48523,12.355425,2,07e3362d20ff4337671b
-37.36937,-10.445397,2,091554ffa26fc9b17c36
-20.275902,-14.349697,2,09400a9b50b6c96c5510
-3.280479,-30.776636,1,098b2c66cbc1ed736e14
-11.658325,-27.107576,2,0999173c045ee29a0b44
-24.058432,2.9677393,2,09dfa3f18e48917f0242
-21.848911,-15.971228,2,09e4bfadd7e012c37c7c
-18.536743,-26.510933,2,0a7f1a73361654329281
-11.663927,-14.22749,2,0a8736f6520cea837d94
-28.55315,-3.3766918,2,0b02f701b1179f9f74f9
-3.1679528,-8.633503,2,0b16d35f1f39a063708a
-38.46943,-9.934171,2,0b28c0a454678b75eefb
-8.155693,-29.551044,1,0b307ee95b41e222f204
10.299163,-36.062134,1,0b828e1ae026c57b34dd
-30.760384,-15.53255,2,0b8bea274b24847526b7
-21.435379,-24.439857,2,0bb8692f43a372e8d967
18.871851,-32.912426,1,0c57caf5358d30408034
-23.802116,-15.643576,2,0c670262b3941d307600
-22.545624,-1.5147816,2,0c81ca27b7d931b6ff6e
-6.054977,-14.921295,2,0d260d8fac2289c8ed9e
-38.569485,4.699982,2,0d4a3518a188f6888380
16.239515,11.7414055,0,0dapvs3h4h3h1ahmt2o8
-8.8753605,-2.9959059,2,0df40593e76a840fd64b
-9.148135,-25.063597,2,0e062d9fa22dc8e3bca2
-9.1227665,-29.136112,2,0e804947f4cdc2721046
-11.982939,-28.540686,2,0eb6eec8b4bee8ab6a44
6.0779877,-28.951025,1,0ef8b2c9e039eaace596
-12.53861,-32.336212,2,0f160cd19890b97092b9
-23.319056,-11.121306,2,0f8bd9e33125347965a1
-8.214973,-1.0729762,2,0fc996fff93c00ca5ced
-0.707013,25.035131,0,0gfiioqi5g8djhh1wzol
2.9555895,40.6128,0,0i1e50rz4mkhee97xvpo
-0.99550474,37.58364,0,0lgtv09uoh3ova8sjbze
2.8674004,37.174225,0,0m2kzubx9r60wyrsjj7j
20.887096,19.22174,0,0m8o7nuv982vnv3328qw
18.93284,36.465324,0,0maggb1hf886m5u6p2vr
7.540665,37.227345,0,0qamadarf6xhm9pm2jta
12.1804495,30.560413,0,0sgnvj4zfg3xjjb9fl6h
0.6970181,44.274193,0,0txd5enpfmbrth46w74b
8.508303,41.286472,0,0z4mockl76xn8mhdaehw
-24.499908,-10.269059,2,1096bd470d3ddff1ec1c
-4.9310155,-27.049654,1,10de703c06bf9d873d68
18.415974,14.263298,0,10qi28ikwz4c4v22b06i
15.80619,17.425724,0,10xnkvdetxarrkdhx4i9
-6.6323237,-16.171656,2,117ee98c7f916c88ddbb
2.976802,-30.323753,1,119b36a5797d5ce69625
-25.65501,-6.060727,2,11dae4659d30031a10dd
-12.220934,-1.7193332,2,1202c731c612353ceef0
-26.240585,2.8386889,2,1224ceafb61456a033d0
16.977333,21.270824,0,12s3yomv0kltozc1qxc4
-1.4474508,-36.142513,1,1329b6cf41debecda787
-32.98629,1.3363235,2,132c90d4a027a4477ad0
-12.5722885,-14.954805,2,1367d35cf39783effa7a
-34.683575,7.2066746,2,139429592a9c23c08b71
-12.762905,-7.714671,2,1397545fbe9882e5cd42
-7.973856,-31.592285,1,13de1d3a55477a0c0329
8.379319,-16.603369,1,13f8b8305f6c25c21921
15.85704,25.409607,0,13nq2h723zixyhir01lf
23.227285,5.6676464,0,148o63s7q5aitfxmmtrg
-11.956051,-4.96903,2,151cd83784ab9007e8d8
-18.19288,-18.461834,2,152a0c17daaaa4e65e14
-19.24273,-0.973155,2,1552f58e2818ce7fa863
-29.413969,-9.053618,2,15ab118362ecbbd03b52
-25.446909,-21.557482,2,1629f353a742f6a73251
-10.494769,-0.55722505,2,166cb02ac436c9d3662f
-35.21669,-15.948356,2,16c505069c1e5c2bece5
-17.216394,-7.852629,2,16d68f70cf5e52d0b34a
-15.141481,-1.9078833,2,170a695a2717bcd9b74b
-25.994364,-16.153044,2,17656005bd4086137ab7
14.859895,-22.51305,1,17dda5f588bed077c742
-1.6417294,-9.686443,2,17e429460d5fda251953
-11.01591,-27.748598,2,17f2d0e73044110cdea5
17.26651,-30.995916,1,18654732ca312afc173f
-9.000588,-25.617237,2,1883af270e36a7580332
14.704143,-26.90072,1,18cdd44af62c6935e7a0
4.7347975,-23.27599,1,1974349ec27d7d67bf08
-25.04749,-14.567141,2,19793e7e55b68c8dd776
16.885044,20.86194,0,19buea1jycypffshcw38
-1.0061269,-36.83294,1,19fb3075dd2798538c9d
27.63365,14.823228,0,19rc4zj7sw4ms0996992
21.197515,33.973694,0,1afepx549ssnar1m9acp
11.898605,-38.059227,1,1b0baf552d2cd47ee10b
8.69801,-20.914505,1,1b25734414fcc7466153
-9.115014,-22.499678,2,1b36a3223f9dd94a211f
-39.391586,-9.224441,2,1bd9bb053a3ac1bba507
8.167813,-37.06587,1,1c2aef3af32f6323a31d
3.4985948,-36.500298,1,1ca19e51244cdd3f09ff
-33.874485,3.8048232,2,1cfe33c5b178a0c2367f
-8.74724,-14.033922,2,1d50eac067378042684b
-9.000531,-33.456398,1,1d7229e0f5f825007870
-34.791473,12.731467,2,1e25b47eaef62694a236
18.718702,22.928034,0,1eekhswi2ckx4uw0j1c9
18.784502,21.6599,0,1f4oscu6io8xlog2157e
-9.143491,-16.407145,2,1f56b6bda24efafcf3a4
5.224328,-17.061047,1,1f67cb2e7affbb00b6c8
-2.4914534,-25.072462,1,1fa4f2361b8a03040292
7.776374,-35.18287,1,1fc5b87acdfc2a8b580c
7.1995444,-35.122917,1,1feef8b4129f5bf21e67
-0.40594906,29.172495,0,1hrtipd0awjpggdje5e2
8.352228,42.1742,0,1hues7esy9erdsses6m0
34.51333,14.844604,0,1kvfwfp2hr5hjxjxzjqd
18.615816,33.70699,0,1mp9yiw6rkrr3846047g
-1.8318533,46.994186,0,1n42senfkcjopw1zh39l
3.7857127,30.9823,0,1nebcwra7a0fduy8c1fa
10.237476,24.078747,0,1nyzl7s790ta4c8r1l9g
4.3273325,29.053013,0,1otvyki9oso9bg6ob16u
25.91866,9.51002,0,1t6e0wa99fijxi3ssnzk
19.934034,24.684792,0,1vb2vsoy23nr0monflhx
-4.3754754,-24.209986,1,2007f4965d2aa6064a25
-28.57669,-25.218985,2,204a7d6db340a3c18ca7
-22.697393,-12.00954,2,204fdbe885269686a392
-13.691187,-21.625362,2,20f97b68982d1b2f5c73
-19.69903,-20.464481,2,211ed39c57c6e6cdefbf
-20.239613,-3.4630103,2,2150588a5903d9a77b79
-11.494888,-19.939573,2,217c87d59a4372c4f3fc
11.706268,42.451653,0,219jkfkejubvu4dvuv13
-9.750828,-2.0934176,2,21e23771e52cb5291b19
-35.775364,-13.586026,2,21fc5674d24be8e9da89
-21.892109,-17.228193,2,222d5ee50487a2b8601b
12.928292,-36.20969,1,22ae866c664a147f9971
21.284279,7.496571,0,22fey6dqzcrm0jbtfnmm
8.84851,40.88483,0,22wb5ostye8edvfar59p
-36.05015,-6.681398,2,23dd64a1d2e4965198bf
-15.499551,-3.0118613,2,23f1f5d3d90e2890a423
3.700967,-31.583103,1,24524df0ca55659c384e
-26.127522,-15.217511,2,24ca7714d40e2fe53821
-23.18429,-24.496975,2,25019b8f1c3ac537894b
-4.3650556,-10.182593,2,25c8e1ae2335e8c3e5b3
-20.33373,-3.1053548,2,264320c6b92b92795ba0
-30.299385,-9.46335,2,27cc9165eef05eb1733f
-17.082636,-20.293812,2,2826ec26211d83efd2c6
-7.0387464,-2.3766882,2,2842c82981077b78b3cd
7.250943,-30.87596,1,28719a42e0cbf4991b7f
-33.76079,-8.750563,2,28bc8af257c48eac3bf1
-16.106627,-12.962799,2,28d90a892cc66338f962
13.0012865,15.783651,0,28tmrs0kyrrh1odyvf21
-24.273546,-24.72126,2,29172d2e39ca0d890848
-36.691425,-1.3263043,2,2933a3227c7ce7fe21eb
0.63675207,-13.598761,1,2959d8017312337a2ba6
-17.040745,-10.849968,2,29acddb87cfe062d73f5
-14.986078,-24.020617,2,2a003b122e9500e465c4
10.319027,-22.497263,1,2a515047aa9d085849a2
17.591763,-16.528595,1,2a6394114c31a10dc92b
2.7193224,44.93745,0,2a6ap0t2rsvoogmydj3a
5.176521,-30.63563,1,2af634997fba501740c2
-16.224169,1.6144892,2,2b3492096a4d12bb86cd
-26.023388,3.275694,2,2b54ed4af8281eb82f58
-36.080647,7.427883,2,2b935bfe06ef02369807
-28.52177,1.9308636,2,2b9ef4e3749f713870b0
7.0133696,-13.311751,1,2c27d4de6ae130e7e242
-37.91284,-13.367722,2,2c3b89432513b2035664
-32.665577,4.6361322,2,2c6339f7c23a64d02081
-35.458496,-12.299502,2,2c7d02c44b47e3d24d52
-12.587587,-7.2018304,2,2ccfa5f79c8b61e465d4
7.3094573,-12.84974,1,2d526c27123e59103e29
15.103337,-32.76293,1,2d9a38c93e37bc475cb6
-37.518494,-12.28923,2,2db6dd71f1d07300382c
20.809118,23.364279,0,2ddkknvpbz2j9wlvybtj
-20.02257,-23.660404,2,2e2c00240c341a4265e3
-37.45995,8.820373,2,2e3e7cbe0e69add8d31a
-12.228223,-11.554104,2,2e40c1b07d32d3b80862
18.591198,-25.623655,1,2e54b1c7bff5847c82a8
-12.083068,-17.352148,2,2ea821273e01ec758583
-15.793764,-21.791836,2,2ecb7fb5ff8899614c12
24.291306,27.664076,0,2egpenarap9h0a2k0bc5
-23.6614,-17.298925,2,2f3c37735e817244e646
-28.0091,-17.388458,2,2f3ef424b925a9881b81
-14.485136,-2.0942621,2,2fe9648ea28753c73c2c
19.748806,19.987951,0,2h9c9tdsnoz1hyzo5frt
24.111862,13.528738,0,2jvnsh0veb6qnn3uv6i8
0.7679032,32.278114,0,2krjeqjgjqfuumdo3ibt
15.788656,38.79419,0,2svwdpmdpjsdzafekntw
8.534177,24.367342,0,2ui63dibc4r8oo0p9agh
25.850065,16.777693,0,2uxkhe454qk8jvk0ufvp
-38.03812,-9.350642,2,2xk6toebmkxdw8f2bypd
20.426338,21.69297,0,2xsbkm76x36qvddrl2yo
23.864927,29.84851,0,2zfdinkl7qrn0o62tlp4
-9.750808,-28.593206,2,301f57984e5d2969c938
-8.828151,-20.91196,1,306627b1ecbdf4e3aa34
-6.415984,-24.986792,1,3094825929f936abb792
9.065431,-30.798521,1,311abc37a94ae8afe41a
-8.86667,-27.70614,1,31741464205aa8cdb4f5
-15.708601,-17.830072,2,3267b84814316e2fa25e
8.0741415,-17.787062,1,329622100fe091a4c48c
22.815601,13.573938,0,32n93dfesjggabieb85t
-20.028505,-26.591644,2,3313c40ea45a87f9d2e7
-22.03168,5.7502184,2,33184c1cba6a37cdbda2
-36.628567,8.064511,2,33b73273ab8e1a11fcda
-37.515884,-8.609056,2,33c123d08dc07edb50f9
-0.45248204,-36.54003,1,33ddb1517601db520cd6
-11.280669,-11.627858,2,34aaaa47df8c4aa4d926
4.0090036,43.981617,0,34qcy2qj5lij7g82hpvw
18.759024,-31.900759,1,3531c5f9d520759ba697
-20.451876,-27.099178,2,3555053023c67d592439
-33.38153,-15.118931,2,3565d61f3efec69e611c
-24.62326,-15.154463,2,359f25d9131a0699405b
-16.296597,-26.00861,2,35e028ec34bfdb7a6d26
20.600735,14.94135,0,35wcdp4s13xmtyq5f7os
16.497683,-22.84841,1,360820d6620d17d1b48b
-35.243935,13.260137,2,3672e2896ad7d8f2404e
-25.353783,-24.113506,2,367c27a001837dabb2e9
-20.6989,-10.816874,2,36ebf305b7206112f676
-6.295503,-25.425627,1,374ff25490a1f0aba47f
-28.14541,-12.257833,2,37905cfdcd105683aaf4
-34.46953,1.0719347,2,37ae91c472189108a737
-17.99107,-27.388403,2,37f3b3d773c5c073bc9a
14.11044,-34.665524,1,38357be0ab369a9ae942
-12.399787,-33.585766,2,388090578f22a3c33738
-15.599423,-13.140283,2,390d1fc3b78420815190
-19.275705,-10.782247,2,3919286d3d8c4f4d339c
-6.074907,-25.290266,1,3a9d955e2ef47191a742
-34.024506,1.5836484,2,3ab864e1e692786fefd2
-34.98935,14.323619,2,3ac65fbc295f5fbd2ff7
-8.665787,-10.66934,2,3b3b2319b0995f149ecc
-6.7633786,-36.95502,1,3b6f3bb370f3107e257d
-1.2559597,-9.635392,1,3ba42ec5350aacb0750a
-5.268701,-10.220217,2,3bf7b3c9aa7d93ecb603
-35.661434,1.334491,2,3c1b9222136b752563f6
-14.687152,-15.336442,2,3c37e3ad275dcdd39e2c
-19.257814,-27.619274,2,3c71b62d597098c4cd18
-8.933495,-4.050544,2,3c89c7f1db26ae691db8
27.57557,15.427397,0,3cic5ziycjx4ik4ll0v1
-4.1072125,-35.86525,1,3d63ba961a5f3a60616a
-15.949387,-29.786491,2,3dba043eb6065ad3a343
16.881948,19.894844,0,3dglsy7ee3ytfq1lpwlv
-17.142992,-29.221355,2,3e4e608ace87fe97bdb5
8.558404,-38.518158,1,3f34e3108d1108dab0fd
-12.275298,-33.326714,2,3f55d44d7572d52b2987
-28.220497,-10.023835,2,3f81bf9625e47ca1963f
-34.863964,12.786778,2,3fee5c27236cbb682727
15.113373,-20.147785,1,3ff069e95a9047dbfa8b
31.746431,15.676405,0,3iz4t53ooerb6sruxf3n
21.70036,17.445631,0,3lbe8ny12qw7qwcyihpn
27.65867,6.2223215,0,3m4gx52iq3mwqdycm8mm
34.38135,13.5369425,0,3p34idi1traz2k8j0ulk
19.304087,27.553928,0,3qvqfnzdg358mord1cku
17.063946,30.519163,0,3w0b2b1gz9i1nhmtab7s
29.81332,13.535499,0,3ywgcurp27qp1fydp27z
15.5333185,-21.496382,1,40eb36011ced9a882ea9
23.185764,8.37187,0,40rkj6cwy12hdupgq4w2
-16.485268,-25.265697,2,41126caf1874c098d357
6.347403,43.559784,0,4130weedl0x9hc7qe5a4
14.839255,-25.430592,1,413cbf664ac3ba8307ea
-12.494078,-34.230133,2,4156dc6090d72c95c23b
6.5756154,-37.96883,1,418f4730434eaced55a2
-36.122356,-10.928577,2,41abb1b9df74d29b7732
-19.046442,-14.063107,2,41e9ff991a4a21f423a8
-10.196723,-29.193422,1,41f718ae2aed1d6c2573
-10.6720085,-21.847837,2,424de2c5e2c1f5652cdc
-10.105608,-30.30426,2,42dd5f9cd9e2c3ac9ed7
-4.985276,-23.194258,2,42e83553ca9d77ab4aee
4.85473,-22.533081,1,430420fb41fe0a889868
-3.949259,-14.499757,1,432fd26823e230070734
-3.9941983,27.927326,0,4388d48ebff4cf866ecd
-8.921239,-14.038356,2,43d34a076620e32fedfa
-26.579895,-2.7040005,2,43d98a750c726bb39d11
28.341936,21.68179,0,43vri1lqbgiiwbkaskqd
-28.34699,-24.04031,2,446d2ad0ca2908ffa4f9
-22.618622,1.8224807,2,4474f24ef69e01e2c001
-5.678074,-13.753694,2,4478eae73fb84cedb102
-23.841793,-22.60411,2,44c7cf3881ae07f7fb3e
31.060963,19.98897,0,44x159fl0pw2uucriuga
-13.154779,-30.02047,2,451b0095938a3c54efc4
14.993342,-19.948666,1,453d43b3f6bdf467e672
-17.418863,-1.3416363,2,454c91e8f96c1dc4e994
16.54379,-33.66284,1,45b6cc87a7e957f83027
1.8044528,-28.989544,1,460fa4961434cf281423
-35.451775,8.669497,2,46a60ed041c8ebf98061
7.224572,-20.050936,1,46a7a18ca160c829a15f
-20.758055,-19.852007,2,46e2d5243b6eef040f97
-28.905071,-5.9047313,2,4738a118c8b8fa271fd6
-33.940266,9.632774,2,47b08a7751ab609be9e5
-5.0673437,-29.14132,1,47eeab842793b09300c3
17.952366,34.948013,0,47vclaej1xmb0rc8kgka
-3.4691386,-9.668523,2,4884f3bdc068ef01e042
1.0422482,-34.308002,1,488934d01a504bc212b4
-8.125921,-1.5121404,2,488fc49e8fccd665c3e2
-14.7597065,-26.121363,2,48a71a6a5a15e31084e3
-23.028355,-2.920908,2,48a96425072cefa0dc69
-22.561995,-11.249914,2,48ad93c227abfa9542aa
-16.739641,-1.712038,2,498121d2486259ef1b3a
-7.8122993,-24.969036,2,49a91a4dce6838ffcbcd
5.8090086,-17.467567,1,49b95110a8c59f6b6c58
-14.163513,-26.698252,2,49ef48443e09f8be12f6
-24.712593,2.518196,2,4a0890c15c26984c191f
17.573265,-37.437977,1,4a6e1cf1e4e9d8f54717
-24.577606,5.171818,2,4a7f53c0a376edadf38a
16.536978,-17.339558,1,4aa8ff74dc576b7adbcd
19.976751,26.61268,0,4acutl013itvh9va99p7
22.350025,29.503576,0,4atjmlccken75lck9ffp
-21.220236,-28.20532,2,4bceaffe5e429ed3333b
-3.1557906,37.484837,0,4bq1kdgygbtif8w80s5y
-20.353277,-22.379871,2,4c26df96293b4a52bc03
-15.583736,-0.6705277,2,4c79be630ae9d3db6aaf
-8.373683,-1.8074108,2,4c90f16c0fcd85d3de25
-21.722107,-14.020822,2,4ca5c8ea55be09213d14
-21.494934,-22.453625,2,4cb96f0d9108066442a8
-27.242928,-4.9190454,2,4cc0dc56eecea1d928d1
17.568121,-25.330875,1,4dfdfa5e1a04c832b9b4
18.13947,-33.7332,1,4e4bb1f26e34ca0a13dc
-27.30467,-24.038351,2,4e508744a9816cc4586a
19.667566,-17.617512,1,4e693829528e3e7de62a
-2.2463868,-17.106295,1,4e768251c78b687fa993
-37.748394,-3.507931,2,4edfd2e1b7c5c5d1d384
26.977974,20.62778,0,4erna0vkk9gu5umle1se
14.587509,33.789635,0,4ewf46mylf75olvvihqj
-0.16274758,26.356697,0,4fl8e5s0nf65bm2m34f0
34.26053,12.059816,0,4glo109mkgy7azntyttp
-0.5492305,40.96531,0,4i0t5tq7o78lvc1zglgr
18.281534,28.761374,0,4nun1ah7qw10q705a2aq
16.901152,34.185314,0,4oqxw56hzk4fk8aqh3e0
9.845493,33.72631,0,4v5xbvn3yhmvs97477pc
36.878735,13.776523,0,4vnvytgnlmv4jbfw9h3t
17.077276,17.644804,0,4x441h9y6wzknmtdw7q4
1.3956276,29.355299,0,4xh67ezjc331pg9q3kfv
12.753815,32.99875,0,4y1vvkscejq34042oag4
17.088316,39.033863,0,4ycyhj8tyx2b17fcx29j
6.8882966,-37.04709,1,504278569f7c6dff25e3
-17.774258,-7.817205,2,50673b01fd2b0c765572
-25.963966,-3.0599132,2,50fec4ca4283ad18c000
-7.0668225,-1.6276897,2,510a90cd169e2eb042ab
5.008819,-11.288936,1,522837ace4fd8dd743f2
-15.532178,-19.32335,2,52a24e35d5356ab34a2e
-37.875996,-8.065072,2,52d965ebf3ec0518bc0f
-28.86742,-1.6165283,2,52f1bca9ac9c792e4457
18.945852,-35.820923,1,52f4899e918b57df28da
-1.3501102,-27.847616,1,533bc4c6716035e694ac
-6.734551,-23.370245,2,539911ee11c1b2aaeb88
9.686621,-35.050213,1,53d51965c40a54cff1a0
10.467514,-26.645935,1,54342435561e775ce97f
1.7306452,-26.976786,1,545eb6c8154273344669
-11.962089,-30.250017,2,5479f88afb95288d6392
8.147965,-30.296995,1,54826f4abf592713d585
7.4460573,-33.937637,1,54f91ccb08cbece520da
-33.930622,-15.456566,2,552365f82674884bcaaa
27.04908,6.671242,0,553l2g7kpifbvn82knxk
10.158828,-26.939558,1,55a47a152d359522e38d
-9.864797,-16.944817,1,57709f904b1cc9ec60b1
-38.721622,-3.2538133,2,57c33a6126c456c5ada8
-5.7176747,-34.397964,1,57f84519c468df122d69
8.108826,-18.64925,1,580e98185da72b5f34cd
24.324886,13.21086,0,58n0dsxyyqnriomw67id
22.160416,9.828428,0,58widcj6smafuwyqxw2m
-2.3814998,-28.214375,1,5914db0d4427b322e8af
-29.38113,-4.338027,2,5963ba5cd9d242a00e22
-2.6101022,34.361202,0,59bybxqvhton27u0jtfm
-26.960178,8.694778,2,5a44a7c59729d41d596a
-28.363453,-8.578855,2,5a8cce5abee961fc77f3
4.9138327,-24.381853,1,5abcc9d4fb5e764b2f6f
-33.173008,7.19788,2,5ada57d72f07c3803d33
-6.6834407,-8.423742,2,5b5ef66e547d63806a56
-9.3446,-34.244278,1,5bdad002590327215ae0
-30.484522,3.9577036,2,5be7405ad4ae9d9a2853
-18.617006,-28.044613,2,5c33bb784bb99763ed74
-34.197758,8.798842,2,5c83f4ed6601ddf1a6fa
-4.240155,-22.661573,1,5cda8273b348fbda9f29
-30.965113,6.340604,2,5d16326e4577a67d94c6
-29.081745,-2.1254854,2,5d2379fb72082166dee3
-20.884966,-27.732597,2,5d580a610c7f8114eb5c
-37.278927,2.4144197,2,5d89810b20079366fcc2
7.0819,34.94275,0,5dmn9cwdf4l1snqfjw1p
-5.6315603,-17.52995,1,5e12a0421c20717035cb
-18.659014,-7.5317965,2,5e29473eb1e80fde79a0
-29.60088,-12.08083,2,5e89fad73b2ada2a30bf
8.053836,34.034348,0,5ez4c53h3kdamnlvkpna
-26.250433,6.6629615,2,5f55600069b483f999f5
-38.038105,-7.4593983,2,5f7b406b2bbf9789735f
5.750573,-37.059193,1,5f8d87412f69e3d9fb13
-0.92996156,-30.378077,1,5faa3d19e595ab735fda
-17.124859,-16.21164,2,5fbaf8a0f524358778bb
7.861001,45.836987,0,5gs9643ghg39gpkgi3e5
25.223167,24.84103,0,5jxldd3plo4x6oq140l5
29.614288,20.705608,0,5kqtdcvyt7rgqdoextw8
19.447872,15.509642,0,5l1b1ma70rilf7mojch5
10.736274,-37.529503,1,5m6lgwi0mkqs8ilg3qqs
25.950773,16.641272,0,5mrih4nj5agvu67vao4m
29.203697,16.759323,0,5qfsd40k8fv54hc102p2
24.683626,7.644911,0,5rxl72n8rmnxwrxcss0q
4.89693,27.381134,0,5slhcx7pnjhcmlbfffu6
24.094109,6.138126,0,5zczdtyecu2w495j80xv
-16.4312,-17.072348,2,6002b9ec0f4ad0b281cf
-4.3203416,-30.44585,1,60c3549c706fe13322ce
-12.819087,-16.945602,2,6106e5232ac32bc22d1d
18.003757,-16.259876,2,61de1e21015e07aacbe8
-25.991034,-21.978813,2,62156eada978f707f5d2
-28.864662,-13.669654,2,6273f50d9a0b4e6d971c
22.01248,6.5834446,0,628bztd9ybuth5efk7nw
12.3956,-37.968918,1,62a877b83219f7974fd0
27.10585,5.8506947,0,62olkigg7ntlaf6fzytl
-36.483253,0.10965084,2,6314d7cbc465e29f357c
-28.24827,2.0909343,2,63aded37545ab92d41d4
7.698287,-27.792253,1,63c38a00d97e62c31e08
-22.65358,5.884014,2,63eef37311aaac915a45
-23.082298,-1.6960241,2,63ff3dff3eb31d62ab3e
-6.536509,-35.024174,1,6486c0664d217470d126
-24.215256,5.578327,2,6496d6268092ef8e7e9d
0.39311093,-32.894928,1,64d1d58d40bca568347c
-38.706795,14.172131,2,64d65eddd629b80922f1
4.7270865,42.43995,0,6569uz69or21mbcejw25
-3.7262306,-35.014076,1,6604efc6fd93e070f40a
-5.757548,-1.9536736,2,663aff87732c52f0e342
6.4593496,-12.175403,1,66d7c0bdb21b7d5bd83d
16.259108,25.092405,0,66f99grd556eyxjqk7pz
-30.060513,-12.750323,2,67456512891f96cc0fc3
-15.386472,-1.3902088,2,67f8d47cfb7b7b3d2095
-8.057769,-3.559598,2,6837091518a3524730fb
26.539074,22.422014,0,687ndz7mxhpv3gg91ie2
-0.93298376,-26.516062,1,68c45e933c2dc939e7c9
-31.245361,6.268651,2,6923e581d76689cb57a1
6.2240434,-15.751941,1,6964a3d507ac1ecf9e52
-39.968052,-3.3573415,2,69a4b3d15a5bf0d0e43e
-7.4126415,-30.237673,1,69ae85efb03510241445
-1.2627774,-11.162079,2,6a62f52203bda35656be
-5.960998,-4.2427044,2,6ab4994b59925a6d1bba
-16.88399,-24.735008,2,6abeead45fd57abadaff
-24.210672,-27.282192,2,6ae7d356ba998218af82
6.4771094,-18.775696,1,6b0cc09c9daf2966d1a7
16.399683,-15.473583,2,6b22922bfe081d68c7a6
-34.333736,3.7608864,2,6b9ee688551136da2eb9
14.201139,-20.451855,1,6c14ce386a9cda72549c
-36.560978,12.711369,2,6cbcdec2dffbcf09a91a
33.19392,16.116161,0,6cxj0lsinp9d7215gtpe
-38.11463,4.2908893,2,6d22912e7e93a96a8690
-4.6099405,-15.691911,1,6d35a9a33338a84dd077
10.394331,-31.391224,1,6d90c2fd38f2ea52ffd8
35.668125,10.066156,0,6dx4zt62b8m37krb5l3n
-18.380404,-18.520441,2,6e7d56f652020f046204
-19.129543,-17.78737,2,6e8118d5ad3c7093b869
-15.370127,-6.733142,2,6efd2d79656d1b056f72
-30.498917,-7.480975,2,6efd353d32bd3d908b23
-10.157305,-14.60949,2,6fa0b38bfd05105503a1
-16.268095,-1.8114874,2,6fc66606e74242398444
-17.65847,-2.9624968,2,6fe309a58b787e7010eb
1.4149569,-12.018473,1,6fefd33cf297f69bcae3
-0.59398466,41.358337,0,6g7c63m95z8acd3vx5ct
-1.8294746,23.9276,0,6iag08nt7se7f2hkgzx4
21.019283,33.167614,0,6ixkthdoadcwip3r1sy2
18.870577,8.734924,0,6o68qswzkvrrtbiz6bzr
23.78076,12.162308,0,6qp85ufr2o1zg8k0cvtb
9.518613,31.884918,0,6tq9irjllweqmqe4u7sf
14.6088,-34.208,1,700915d303cc358e662a
-18.97379,-4.1759157,2,701a989d65a59c18845b
11.238489,-37.42793,1,7086b49d3d6c2cf79c1a
29.392006,10.840541,0,70exfe4k4e5vvm5sqspq
8.534662,44.207016,0,70ym0xeqaqmx14dv6myx
-36.054226,-4.695081,2,71ca74e191e71b0219b5
-38.79741,14.181046,2,71d0a8156e59c4dcedfd
-34.586895,-6.624558,2,71f6622e7caa6ed92506
-5.133146,-34.990414,1,7207088b2ef28ff6b669
-28.23119,-24.377449,2,728a4a393899c37a5429
-29.641035,-0.38015112,2,72b4334deffff31dea8b
3.3510988,-26.208384,1,72d383f55803c5a81bd6
-11.167411,-22.362457,2,72fbfd24cdff0454a0e2
-27.51312,-22.643377,2,7380885aaba482170588
-11.013599,-32.81308,2,73ae359d8e93d41ae4ff
-4.1839533,-9.795037,2,74137c4db75be61c10fa
-36.534607,-9.72069,2,744e7141564ed216b812
-35.617157,-6.090858,2,749fec50db4020e9bfcc
6.594078,-20.14249,1,74e22a3421e605061ef1
11.90527,21.893892,0,74g1r714u01v7nb4vn8w
-14.769434,-3.1008148,2,75097aa30e9373a612c7
-31.27393,2.2515178,2,7509bbe0d23fe15928ba
-29.012646,-17.602783,2,7535fe5ae754da62a534
-27.14079,-3.0141528,2,758a52e21fd5c23cd7ed
-31.082611,-17.118174,2,75a72c46b8271a57fba6
-6.737284,-3.5799563,2,75c2677c8d156032e303
4.0467095,-29.12126,1,75dcc10ba89fd0c25d50
-7.5690136,-27.391953,1,75e30b71e38030454877
-24.998327,-2.0844145,2,76366e9c264169b2bae1
-34.94982,0.9590079,2,766836b5f30556e81da4
6.876994,-17.886776,1,767e222eeb367b2b010f
-17.967766,1.1110507,2,768c216e172762b85899
-28.339485,9.048384,2,7694d71417c2f5202940
-30.159813,-16.706562,2,76a2f2705490042bb8cb
-17.81907,-4.3311057,2,76fe2c19fa84d58b584b
16.300356,-29.491293,1,7742559d8e833fbcd326
18.002947,-34.74407,1,781f69b185122bfaddca
-39.132107,-13.723161,2,78e6c80ea8dc73ec747d
9.52929,25.645647,0,78uyv6k6u49krocgtkzu
-9.196848,-10.552284,2,792e3326f0d9f68389d9
-21.74141,-22.395758,2,798ff22d126a0f8034ff
17.47073,39.073097,0,79cvflltnemb9zpg6pgl
-4.966636,-26.742855,1,79ea7a2f63285f2fe26b
-22.949833,-0.46870983,2,79fdbcf16db75f75383a
13.221812,-36.55934,1,7a600fb7e3750998e7ae
-37.99895,9.693518,2,7ab9a2516b2dba99c36c
-2.8638,35.300846,0,7ae6jy1vw15ppmnq6sba
-37.283695,7.8133073,2,7b1d65c8c7637c14d9f2
-33.07941,6.6802735,2,7bb37669654dedc7e397
-8.366365,-12.599542,2,7bfbef4127aeec4b344e
-29.66555,-7.204804,2,7c039dde693a18f3a834
-28.180496,-23.045124,2,7c1d8516e6c2ab2d3030
9.777913,-36.75147,1,7c27b1482db039a6eee9
32.089634,13.122731,0,7c2qxvccum7f93e8ohgt
-30.494993,-13.951202,2,7c30aec52f13bebe07a6
8.630316,-23.3162,1,7c3fa9ed66d940d49692
-5.41158,-24.79848,1,7d882daa0b4d418d1d0c
23.533976,26.857258,0,7ddzwidmh4uwbopvlast
16.37176,-16.884163,1,7ec5fc60b1ce755e0e17
31.039871,18.035093,0,7eeq2weegodhsqj7bxc2
12.112758,-23.425747,1,7f1c076b22be73eef99b
17.754187,-36.171978,1,7f58862bfed16feedfd6
7.2727447,-21.65961,1,7f91b4ad141d21887b79
4.2685766,-37.028404,1,7ffc1d4e5026fc5195ea
5.9416656,30.334747,0,7iulsxm22wz4v82hgb2g
24.843918,19.748726,0,7kqvekz6iho08947fhk9
3.9498346,45.335495,0,7n0vh1m7hm3g0v8ggv7v
-1.2288367,31.8851,0,7r0ywonplo8up7m35eav
17.93342,32.789257,0,7rzwry01x1n79a7rw5va
20.249264,24.091137,0,7ssihtyt72rzukfci0o1
-37.60303,-2.2194762,2,800d0095388d11344b78
-25.225956,3.1972053,2,80423084979315c20dbf
-5.288362,-14.365463,2,8068144149e4ba65ef38
10.752084,41.614082,0,80xvovy2zizaj5kr0va5
-3.0199504,-10.394226,2,81931021ce711e124d0b
-4.050976,-10.925711,1,81c441973fd4e024d60a
13.5614395,-35.994877,1,81c4c46f19cb21d54bbb
16.788248,-33.794044,1,81e59e96ce9bd6a76bdb
16.645498,14.747273,0,81kmylu471y1njt1pin3
-35.74883,9.499037,2,8242b99ad9d6609fd19c
-33.660046,-12.094916,2,82da6d26645f8f71bd61
-12.74428,-18.95538,2,83b54209fa2b1055369b
-24.065708,-26.758392,2,83bf9b0424c17c9e13e7
-37.29074,11.910317,2,84146496b8d6256d6982
-20.099657,-12.180301,2,84e8300978b600b5f0ba
-37.693737,-3.2357335,2,84f116e542feb4ff69c0
10.805829,-38.366627,1,852687af72e9ee38fb42
19.044718,-35.40419,1,854ce9f7f4d7b6115854
-36.654472,3.797078,2,855b21869c4fdbed8047
-22.605198,-26.761198,2,8596e232b0d863cd3130
1.3499908,-26.169245,1,86215294b080f19af22f
-27.795214,1.5785933,2,86366c9920186cc4d1a3
17.61475,-31.93254,1,869eacc999a52155ed53
-34.502304,-14.330567,2,8711049a2e0ef13bb10c
-11.047682,-20.4382,2,875704a45c0214c68eae
0.28972828,-9.915975,2,876aca2b8ce1958ea773
7.289028,-23.305286,1,8777bd09f180d330b147
-7.0176015,-33.81871,1,87aa4503451b6a77b2b7
5.1304493,-10.29352,1,882ccee198e25b49b30d
17.309395,-35.436413,1,8975db410fd78d462688
-25.288635,-17.576262,2,8979427badebb9e2bd10
4.601817,-32.869198,1,897f6d3de550ebf68384
-14.006973,-19.972973,2,89af2669cc93dc97f545
-19.2743,-1.7489264,2,8a45d6748ec853f7694c
-0.38376105,-32.9487,1,8a9f3822aaa08e579e4f
33.385456,13.878043,0,8ajv97zyciosc57q0cng
2.4737053,-12.549241,1,8b1fbc97391699e46cef
-4.3660593,-11.495979,2,8b586d8b9c06414b2487
-35.571133,12.08363,2,8b6d1125760bd3939b6e
-27.917124,-13.548852,2,8bece93f0b270602e64f
2.2139153,-23.576197,1,8bf3625652581859dcd1
1.553246,44.517277,0,8bj43lrpbsn3smxxn3xn
-19.369688,-25.049284,2,8ca890875272aede0af5
-5.5415387,-36.120644,1,8cdbc02c05d6ebafa9eb
23.10067,15.652431,0,8cvzwcc62ql4rqj0pyzl
11.514582,-36.57753,1,8d422b817027d7721870
-34.19773,0.24026157,2,8d93485dc6a4b2a9f03f
4.2053614,-11.727372,1,8e1012c9f4775ba6a451
-34.37396,-8.760272,2,8e25bcfa51d165f162f6
-36.781284,-11.48822,2,8ee4fdce37fceab5620a
-6.2020874,-33.17861,1,8f1ddd99ac8c59bbd788
-3.2305038,-30.8713,1,8f477d2c60ec76ce22b7
11.474894,-20.756212,1,8f81bd9cbc5471ebfc60
18.791237,-34.879128,1,8f98bfcea1b9f0dba97e
-22.118824,-0.43543738,2,8f9ecba976a15fa5d900
10.461761,-20.055067,1,8fb30cb5c7ad360c995f
2.377546,-35.616123,1,8fe25991951e1f37568b
22.056078,11.514164,0,8hn55e1bxuyegxa76l3r
20.720503,8.057795,0,8ivuhc6n7pr63b39dupt
14.146619,34.635498,0,8jo5o2abn697lg482k0e
-0.37360165,42.894978,0,8kvpozl8kjupzd4yvwbv
20.327353,20.415745,0,8l0qqik09gqh0e5anus0
12.877405,17.876465,0,8nqoz5k93j7it8w0muhl
20.393673,35.731598,0,8rsw4xhmff15occogf32
35.833298,16.313927,0,8urc1lsyw615q5prnxwh
6.471893,38.770374,0,8wkyo305dh8esq6eop37
12.052722,-37.05916,1,906ffe092972df38360a
-6.4938874,-0.7699854,2,90f3fbedfce50f644011
4.421637,34.05298,0,90z3slav21r61p88ksba
10.677794,-34.900486,1,9104b8987aefa9d8e884
-19.82268,-3.3616738,2,912794ea0c6936c83ce2
-20.777346,-23.573248,2,91439fcb2590c49dd20d
-32.33188,-11.214475,2,914f82268754cbf71a54
12.344476,-35.63143,1,915813ad1b5f1bbe2d6e
14.309275,-25.996716,1,918236b530adbe510201
-9.504439,-33.120808,2,919b6f74756bdb77edab
9.221435,44.25081,0,91ybnlkli8x332l13rrk
-15.187694,-17.22811,2,9294393fcd13593bc537
8.150896,-34.622536,1,9369995cb6743cb69182
-34.538303,5.0607285,2,93c2f240de504736b8d0
-17.146858,-11.32906,2,93f200d7351d4980fec6
-36.54036,13.867898,2,93f451c36b535d39003d
27.43299,19.251026,0,93iq4xjhvlc8072fsfet
-5.72302,-12.1678095,2,94066a900026329cd5cd
1.5010417,-13.077211,1,9417c1b4c24e428984bc
-16.12954,-26.78333,2,94752e120f6bb6178ad5
0.7060048,-11.211096,1,9493dac6dc982d2b3dbe
-32.34653,-12.77137,2,94a770d27cae58950a5b
12.790846,-36.892014,1,951678e2f3db4cd9911d
17.695808,-31.02393,1,951d2aca1b8a1c336908
-38.2498,-13.2369375,2,951eea03695f436017d3
-3.967772,-12.046356,1,952e59666bdde6dad94c
-23.482023,-24.14042,2,953123cfe1c275e6d8a9
-10.6405945,-22.251934,2,95889f5d20e344714084
3.646878,35.306385,0,95i3ttsko6c6ol53ebql
14.704639,21.721348,0,95jqkrj6zv7qf1wz1p8e
-22.530668,-12.130594,2,960bf72352d4f58ad083
4.9582024,-33.197636,1,96c23b85b0b4ffdc3cae
-32.389103,10.409796,2,96dc0554852b5a94a400
-2.0037217,-29.899961,1,9723ceb0cf2dca42c118
-23.008772,-5.2925377,2,97442da123c449f6a146
-19.31374,-19.167217,2,977ece9de941d85308ac
-3.2559307,-9.863928,2,9795edf22e930bc30fa4
-13.529991,-16.362383,2,981cf48df067d975675b
-8.662725,-16.134556,2,98be3476791a8df7e937
-18.011986,1.4116019,2,98e10f84d94623f8b39e
15.708724,-36.210865,1,9952cc289c9f690621ec
-4.5179553,-32.606125,1,99a53846658ba3341de6
14.003608,-32.285194,1,99d6b8a1cc0020112951
25.764486,7.1238856,0,99dj4o3b2f6m4jemke7d
34.87734,16.142912,0,9a25hcbd3mhgaj0fyelo
-5.1133466,-30.83337,1,9a630f9e9f4ec26d8fcd
-33.039192,-1.7507216,2,9ad512cc6cbd79aa81c7
16.155691,22.49476,0,9b0guld0vdm0ggmmfb8k
-25.028654,4.768827,2,9b1c065069dbb7a71617
-18.663794,-8.281889,2,9b43f5fcb5d592a689af
18.316252,-16.40373,0,9b913075e93b2b788102
-35.285946,-12.05088,2,9be4ba08415daa1ee6fe
2.9586213,37.256847,0,9btb3ax7qaitktvbvn8g
-5.7012134,-8.320075,2,9c2b85496091fd7f66d4
-16.429106,-11.48012,2,9c39551b2cbe4f0c6d03
4.541396,-27.30136,1,9c48779f6e97be993771
-35.049084,9.173935,2,9d02a160cd171c5f4c18
-20.478476,-21.64595,2,9d030ebc092b353b9906
21.406082,11.455202,0,9dbg3fyz4qnj7x9qug6x
-13.4974,-25.016779,2,9e4c54a008ee874fc270
-11.953481,-24.719423,2,9e7bdc44129bf5acc196
7.437317,-20.908636,1,9ea29e4a747ea4a7c70a
-13.875937,-1.151298,2,9ee3e6df01c7cc22d066
-5.1061697,-15.547389,2,9ee4ff457095eaf23309
8.716868,-38.73288,1,9ef8a5baccebc3841cb2
-20.770798,-17.953825,2,9f0ce6d4cdf9d1772417
-36.290512,-8.002157,2,9f447b50d5788f7b4d0a
19.084887,8.939478,0,9jq31h6i3ny1lx0mx89e
-1.485553,31.179531,0,9lfh7vk4u8eh6zz1dmvp
4.8399625,47.08724,0,9nfrfi8p7oktnfr9c30b
19.973047,27.385147,0,9npnusbksscam12fc4ut
27.180439,6.4937186,0,9trgand057juzal1kecf
11.961291,31.94575,0,9wax6sfj9cuqbbxc95om
0.15347166,-31.280651,1,a05da04117e032cb4977
-35.44168,8.244883,2,a06fdb8743c4d4ef09fe
-23.761238,-23.416716,2,a0973be15e5e7116f121
5.745804,-14.21078,1,a0a1991396f865c9e3dc
-28.015766,-26.41255,2,a0b36e07079573966740
16.340975,-22.5219,1,a0fa57995e3e8cdcc13a
-37.292286,13.814934,2,a108f1103f798c85d061
17.55579,-35.07793,1,a11b89c60677835e450c
-27.305681,8.487583,2,a12c27630a75f6a4a64a
-20.340601,-12.305589,2,a14b9aa97f66fc82ede3
16.537136,-35.843674,1,a1a127e2bf29c380819c
-19.253677,-26.605082,2,a1d00fdd7660b7e88077
-31.050627,9.593974,2,a1ed24a77c97b05064ef
-3.7927332,-26.793707,1,a1fa76b5d99a411d6649
-23.312927,-24.844948,2,a2b5174e55754addcd68
16.764488,-25.015396,1,a2f48a796e250a14ff55
-0.12558058,44.278934,0,a30afe3tftu3pgsdxxdq
-34.559227,-9.517845,2,a337d5368b0d110803b1
-16.797508,-26.411272,2,a34fbbb7d9a19eb82450
-35.73769,5.3111463,2,a3a0e2129e405aef3d87
-38.630463,-14.633447,2,a3c8ab369e2e928ed523
-32.197906,-11.760607,2,a3cd849a5a8d682e18db
-0.13798249,-14.140934,1,a4bfb84ab74e59389e7a
-22.715683,-21.414236,2,a55511198784610bf30b
-7.6162863,-24.501114,2,a5966200ae4d58200438
-37.93217,-8.490973,2,a5c03c57b0930cb5c2ac
10.826967,-35.65754,1,a624e4f6e0a8f026cba9
-34.133545,-14.29985,2,a7fc1ba478db11fde063
0.20155609,-27.45753,1,a8350dcececa0b02dd14
-22.818016,-5.824563,2,a856f10303ba34926fdd
4.1557355,-22.37578,1,a867295d48d4b4134903
17.08752,-27.987158,1,a87767892344a954c746
-35.47055,7.1078486,2,a8846b79555746e4f9df
-29.80766,8.311234,2,a8eea517e36b20757b2e
-21.583838,-4.68817,2,a94a32ebd5f7d177053a
8.760879,-32.388424,1,a9554f5c3d61d05617e1
0.09348087,-11.206568,2,a959b7dd7f65365313a4
-19.976192,-4.7283516,2,a95a606f0110653858b2
17.094143,-32.075626,1,a96027a83196027cf822
-1.774439,-34.065083,1,a9e1aff282e8d6356dce
13.361137,-26.773813,1,aa83cf5fc68c1dcb5038
26.732986,16.213709,0,aai4o855shne2taonl8m
-38.655457,4.156104,2,ac4d829c715fb0c36ad5
-36.268837,-8.798169,2,ac7214620207dfdd149d
6.3651114,-13.566327,1,ac896071204b0ce26a1e
-11.730928,-15.187002,2,ad29c5822807dabe497c
10.757824,-27.469656,1,adcc5c13042d66cbfc8b
-25.913586,2.4810073,2,ade35014b25afed24916
14.513317,-35.477207,1,ae2e4cb7985c4ac71795
14.803902,-19.557495,1,af8dedf6ecb4605a09fa
-24.871105,-10.35257,2,afc99b4940e933922aca
1.3627738,25.215399,0,alj4azvv1eqg1cyr3ae3
11.503536,20.916124,0,amzij11bls4wa79p3cj8
24.863674,25.971083,0,ao2x473zwn7k7a6gpfr9
8.664737,26.691288,0,apxifjd35xfq6t47ysls
3.8577304,43.740265,0,aqpg6qwtponj9ojmx6ls
-36.064625,12.549317,2,avehb7ibwpvjcgcr474k
26.977516,16.986135,0,awxiqzybhp95e08qx1h5
21.909922,21.701931,0,axunv0aihh5wvi27tx50
-30.500002,2.9444795,2,b050239b47c66a7280c9
-28.014246,-25.290815,2,b083663157e08e36d335
10.616773,-33.970417,1,b0a62c35bfc7f529e83b
15.7716255,-24.676664,1,b1976734aee3bf129820
-33.54984,-11.265204,2,b1b3363b7086aaa99b0d
-17.971186,1.6504573,2,b1fbf77b475e79c3d413
-22.185337,-3.31976,2,b217bae3c84d59dde71f
-18.794939,0.6463583,2,b21ec59d991586279d95
-6.5727444,-31.757957,1,b26aab632fd33a01020a
4.729294,40.206345,0,b2imd0ms1p4fxkfcpygc
15.656023,-32.794147,1,b32b82ebae5971dd48df
17.19975,-22.602684,1,b345ecad87a7fbac77ce
-4.3561535,-36.318123,1,b34d4dc5b6c5fd7c5def
-14.309425,-31.146473,2,b37bdce835e610d26c0c
7.5886464,-22.55258,1,b3ac0cebf20ee45135ca
-7.48757,-34.94954,1,b3e8039d33099e1d066c
-37.94623,7.2396517,2,b43532c7a35b6aedd478
16.706598,-26.844511,1,b4a2138f577d9306f593
18.880825,-18.177364,1,b57bc31cac59b3d26216
-21.417099,-13.870374,2,b5863cc5a1b448ca1cab
18.745394,-25.482754,1,b6808721d4a7900e360a
-13.701953,-21.699532,2,b6b2f975de58052aae0c
-22.738379,6.7012563,2,b6ed77b2b3283f9379c8
22.12579,13.409924,0,b6nwoi7doh1m1yzbkxup
18.028013,-27.630247,1,b79c2d9d8148403a3720
9.344882,-26.734854,1,b7ef250772618a089b48
-11.586444,-15.092957,2,b7f42d4b51972267680e
-7.918286,-12.570877,2,b8162292f2171005c2ba
-36.235542,14.999427,2,b8290aea71e7a5421a02
14.9082775,-17.83353,1,b8a4fd679898150ef87a
-26.12213,-24.648397,2,b8c0c68e7f1220949deb
2.1121016,-27.69904,1,b8d20bc2e0d3d86f5613
-4.6041517,-15.036947,1,b92448e12093e45dc6ff
-23.403002,-13.670171,2,b93d9fe2a844b416581d
-11.067278,-27.7961,2,b9a8b9ee84232efd7d61
-12.051164,-17.97719,2,b9c7c66c8b57b9d3c6fa
-5.9312053,-36.19646,1,b9d88af0a70c4ccb592e
-11.141418,-18.706612,2,ba563fef8484139dc84d
-26.86248,-27.288748,2,ba8c301bda7090bda756
19.04565,-17.71598,1,bab3d23935ae4f8e798c
-13.665922,-19.473131,2,baed8a816ea02ae929f4
-35.69329,-6.725086,2,bafdbc62a48daf6840c9
-2.0751798,-9.130439,2,bb3328d3b1eecb5e1a8a
16.724092,-16.598457,1,bc48d03763657ec4aa63
-13.294955,-27.847,2,bc7286901f708e9069eb
-5.053834,-22.576105,1,bca2be7a89b9b36b45cc
-29.4755,-9.673749,2,bd099a9fd29545e3766a
17.964788,-35.814995,1,bd657014cfd3fe7a8fe2
-18.43192,-25.287943,2,bd8eb49a6b08f5e66a70
-31.445982,-3.257783,2,be032ee60c336e4701e0
-23.473358,-21.104898,2,be24259f2867b231800d
-16.116844,-18.173988,2,be503fccbf0ae5532639
20.762222,28.27411,0,be52205cb48c05e10567
-11.800456,-32.417233,2,be75e05b9db5efb1258a
8.324234,-22.106531,1,bf07cdd92f1ff3197397
6.3711696,-18.206488,1,bfc3a5cb3b9c29f08176
-38.908253,-14.442195,2,bfcf5965e6024248f0a3
20.07468,16.115637,0,bfl1bc2oafd8hrz2xswq
-1.5100232,47.732834,0,bgvt5n1h0qt51ze0md7w
17.541222,37.20726,0,bt192zri52uj2flwikrw
-2.1771955,30.133871,0,buv73728fa9viqgrz5mj
35.752666,11.655568,0,bvz9hmtzknu45wvb0yaw
24.640966,14.77793,0,bwvpzqnhh752noqjqj8d
8.871524,-28.736786,1,c00c91256ab1777d0dbc
-26.130466,-5.9314637,2,c08165d73ae49215c391
-38.49572,3.8461633,2,c0884e4814b0f32935f8
6.5238333,-37.753143,1,c16e14d7aa5b4ef519e3
-26.272655,-4.2879043,2,c200d8d792314a9d3575
8.680856,-30.352163,1,c20c86d30d19b39745e2
-13.4292,-24.288513,2,c24bc0aaf20c79d2dfda
-11.581628,-26.267263,2,c352158bed343ccff8e5
7.0447626,-18.897202,1,c35834f349db8ef7c591
-14.583286,-18.852072,2,c3beec92b66ff78a6ba9
-4.743095,-34.354958,1,c42aff1f9940e24491cc
5.594475,-37.466293,1,c4ffbc0ba8c38e725fc8
9.848995,-17.948214,1,c53129098375fc7f17bc
-27.83445,-12.2509,2,c57c5ca2df494f27ca64
-1.7059854,-25.745003,1,c5b9961e65ffa73d971e
-8.193913,-34.322346,1,c5c5601b771f1b4491fa
15.229779,-27.95589,1,c5c5e10586e94f96fe95
-34.823437,11.911654,2,c5d83404b165578ef794
-19.684147,-18.33255,2,c63d5a67687762a9f967
-27.491478,8.346229,2,c681117f7f586fd730bb
16.287264,-28.68796,1,c682f6819dfbfc964bc7
-37.50833,-4.447892,2,c6ab0de398cfcbd21dc5
-28.894138,-2.5458586,2,c7bb8ace7e79b91b3346
-7.328032,-3.0192876,2,c7c79725138f07b9c265
-20.653519,-14.300827,2,c7d5a3256a9f99ba3e98
-21.288815,-11.111768,2,c89e8b7b18082e2fa6df
-8.517259,-27.947252,1,c8d8f83d06b68fc2f944
-1.8975587,-31.703032,1,c955c51bfd07134bc831
-35.383846,7.935292,2,c99e6802625540e4d1e2
-3.9391325,-31.814405,1,c9c946fe211251af32d1
-36.85096,14.5004015,2,c9c9f0b7606030f2aade
-4.9290805,-33.734665,1,c9e6e9322dd7054e618c
7.1383586,-35.497963,1,ca10145a308249ed82e9
-35.349224,14.014646,2,ca66ab7e59628143cf1e
-3.0577993,-12.150286,1,cac3f85073c947532796
-0.40658918,-30.249605,1,cac84b1c3033872272f0
-13.376013,-14.341959,2,cad61c88146ec4d99a6d
-30.858839,-1.9839764,2,cade7d478dac7020a79b
-9.847271,-0.9958419,2,cafe5989da5dfed9f404
-21.323963,-4.9905524,2,cb2fbb322cc30a8b8fef
-35.825108,-12.834975,2,cb65e2038b786e801292
-35.551247,9.909732,2,cb8c2285066597e012c6
-23.12738,-3.03046,2,cbc8550ffaf44443c7ad
8.60257,22.436308,0,cby6hsod14blxr7zyfjs
-29.244337,-1.4279534,2,cc317db3f3bb874542a7
18.467682,-17.504126,1,cd6355bf939a47577f6d
-38.819416,7.966678,2,cdbfb55b48cefce540dd
-14.80569,-16.271706,2,ce1a32f22b91f4d81015
-9.851345,-1.959168,2,ce9dd8f1570caa0d6f5b
-38.270737,14.510165,2,cef765c4375252a6029b
-14.802399,-25.436716,2,cf73246d819a1ea78e14
13.32062,-26.485432,1,cf7f9c2c6872be9bf2d6
-9.23096,-25.650513,2,cfaac49f7cc94528ffa7
13.326414,34.204815,0,cfi8t4xrx12m2lt4flwz
3.0904741,31.383768,0,cgydhui8n3uoxbq5rznl
13.466457,12.281435,0,cm2celd9hmos24j2a5cg
9.4955015,45.59552,0,cmy2w5due4kl6pn6uia5
18.232037,9.442279,0,cnkddx6ofjqd7ueylz0e
-1.3754966,28.576685,0,cnqyqc90n3ixrlc3mri7
1.0485425,24.197573,0,cp4d94b2v0ws6am7mvuw
12.845614,28.088264,0,csvv3l0saxxx6pax18c3
25.05516,26.870872,0,csxiwtz34vm9vr0kbryx
-2.150479,24.30576,0,cunf3y04zq0f90dgy36j
13.827534,39.577934,0,cuwakm24vlp785ky5w71
23.284645,23.575863,0,cy2sv8kkoybje2okbll0
26.862858,8.95278,0,cygc6ulxpz04ex7under
8.097578,19.741953,0,cz0pbk8vede7ey2oce4a
0.45245296,-30.250124,1,d02f48d05ce5e7ca16e1
2.7550309,-29.063007,1,d035c324a020e7948fe8
3.5738945,-29.203857,1,d059dfed16a6d1ca6ddf
5.270074,-34.785698,1,d0a933a514028d777578
-0.6824923,-35.851543,1,d103bd9455fb9258c805
-0.6128265,34.779358,0,d16ht4y29lrac1brhwm1
14.824331,-17.240742,1,d1df92e9d19fb2f22ebb
-30.524734,-1.736512,2,d1e44a91dd4f37c03d43
-37.56773,4.730188,2,d235a2c32940b970ab7c
-0.14679462,-11.53479,1,d2403aa287eb869a170a
-36.357876,11.370683,2,d27565678ffa4a9bfa85
-31.981844,0.7932904,2,d2c5423ea5fa0a995264
-27.553886,7.1404653,2,d2cb0d0da17471ee23a9
-21.306726,-26.013784,2,d2e033f11edce44fea3d
-25.63102,-24.75536,2,d311ac015e2e230935b2
-17.161499,-19.025345,2,d33a15d480f68c6ec82f
-32.207527,5.106211,2,d3ba1fe030801d700cb6
8.467869,-22.136414,1,d3e269bf68d51851097c
3.7068052,-35.30936,1,d3fd2319c0f3aa00c371
0.49982992,26.343504,0,d3tt41de5iashfjr1txr
-21.517921,-27.313066,2,d45eea92ed42431d9076
-8.63231,-29.816385,1,d4d7a248a58363732f8e
14.870907,32.357975,0,d4geyy1ox6qzlz4ibz0z
15.782726,30.184479,0,d4xny47ows87zd7viwj5
-34.95551,-10.060272,2,d5067bceac0ffa5e4704
-33.03613,7.662074,2,d52b119f8da2a1812722
-21.741161,-21.803877,2,d536120baaef5495c028
-36.35405,-2.5793355,2,d53a4fb612fb801fff3d
4.7049847,-35.44463,1,d554e419f820fa5cb0ca
-34.873528,-13.900611,2,d6d4488fa27e11465974
-7.709512,-33.31293,1,d6d6e7da792fdf0106f0
19.125813,-33.7842,1,d6f3f410bbb24244d270
32.061424,14.737843,0,d6qgzp196pwnzk7agyn6
-29.432129,-4.979623,2,d72abe041b8db9118e70
-1.4440303,-28.842817,1,d7464b55181ef45e2d63
-24.74285,-27.98136,2,d76c58732e315933a6cf
15.208152,-15.924147,0,d7ad1a5f3ab7d6237f8e
6.8437877,-32.39106,1,d8ed5a1897987ffdeaed
-37.501987,13.736825,2,d93519b044de1fa037b0
-19.94272,-11.818898,2,d94c5dba40d9fcbfb8d9
-16.587458,-27.276043,2,d9dfc134efd3826bdaed
13.375959,33.216286,0,d9qmlhyp13mf5nto4qih
6.4838123,-34.655834,1,da2199a7da15995db5ff
-31.241766,-5.171965,2,dac03bcbefc3a08c8b50
8.606486,-32.200073,1,daf693769d8638a22ee9
1.3786842,48.62836,0,daty5mq7b20bkt2c2zfs
-15.130843,-6.894406,2,db0241cf536c2174d9ed
-36.403625,13.387254,2,db0bcf208cbed26d0bfe
7.326047,-31.850763,1,db2418c575c0a4f7239d
-32.950085,-8.644234,2,db54f15d48fa56b0d953
-31.591913,7.9192863,2,dba2bc2a15c1e8d696fe
6.0100265,-19.265928,1,dc83f9577ae72447a7b1
-8.350555,-20.643202,1,dc93d7d840a88e5efb17
-38.084404,8.906357,2,dcd0562f8fb44933cb08
-26.529095,-21.897976,2,dddd7ba8769cf90bfd62
7.589798,-18.865927,1,de5213e7b8c88440a298
-23.495337,-23.721264,2,dee7cfe3312551bdf5a5
-32.778873,-14.477563,2,def1216bf8f3009dbe41
-29.05973,-15.74192,2,df02e3643bb9ee33fb0c
12.1924925,-33.688618,1,df62b7675d1fdb8e6b11
-37.410675,-3.4706736,2,df784e67883e018f88b8
19.4993,-25.07159,1,dfa917b9dc15c87ab016
27.87525,6.214743,0,dfnvtf7qbi2955rjeaqx
25.527445,5.150001,0,dgoapkg9vpnafks22kx4
20.814121,21.523018,0,di7sclw5samggg4sxipv
0.18813707,44.96482,0,dri4ey8he2jovloucu86
5.749707,32.687122,0,dt7s87imgsbma3l5scym
13.698321,39.411346,0,dwg6k0ka5vuwzo5h11m0
-10.375522,-18.862583,2,e00bc7d9f2ce32c4f745
9.283284,-21.619184,1,e0be3445997310f4d68e
-32.998695,9.514984,2,e103cf810dfba59d0431
-5.7021327,-8.692961,2,e17f01453906e3ae5716
5.0259857,-29.617441,1,e199ddadaaf5aee02eb8
-5.4516497,-24.252777,1,e224221a9971f9f45489
14.249812,-27.173979,1,e22c18eef214a779b4c2
-22.075026,-28.132479,2,e23ada44d3eac9b465d2
-6.434738,-1.1062549,2,e28711e2f5500d3d6b04
6.2878256,-28.89707,1,e2d7ee3637149f7087b2
-27.843603,-11.599668,2,e2ea6dbbe90983dbb208
-34.279842,10.592905,2,e2ee4818284ba527ef0a
-25.048054,5.9752593,2,e324cc9cb52a2b3cb9cb
14.165311,-24.707476,1,e37bbe9fe37f92b785d9
-37.464,12.872723,2,e3b920878572dbcf8c9e
-38.81106,-14.986107,2,e3ce61b92eeae0a33633
-39.02822,-15.413733,2,e3d0782396c346359a8f
-33.42608,-12.920867,2,e43a0e28d5cd6b54a2af
28.78416,20.406597,0,e43g7im7dra88a4o8bbl
-16.936481,-0.41449153,2,e4af37199530e9ea523c
-10.244506,-20.69026,2,e4c80506c14da4ad563d
14.670823,-33.33939,1,e4d6737b176e6ca5ef06
-33.610344,1.9329319,2,e50db74322430aa289b1
20.605528,13.006957,0,e58gk2f3crnwqnx0gett
-14.348146,-3.0237029,2,e5b30ace9334d153e076
-38.884975,-3.6168818,2,e5cab2ae37f3a9ed4f46
7.5377536,-28.960108,1,e62f7655cb5259abfbf1
-32.31138,-17.171198,2,e6b9a4292b6a8e8e0ef0
0.7102819,-28.927979,1,e6c8ce7f4d7b0b4ca4a6
-14.788573,-1.1613518,2,e716574233e87591ff19
-19.44475,-15.571138,2,e73ae5f649c6f52b3fb1
-28.592257,-1.4200426,2,e77eaaa90a75ea6167f4
-31.090754,8.604282,2,e7958857e7d2292ffbc7
-4.2448173,-34.13457,1,e7feb8599ea5f596aeac
4.7499404,-27.13752,1,e851f82a650692f8e591
-10.2825365,-3.7747672,2,e865c97bc96802575f80
5.248403,-35.969257,1,e86f896d71d48d87464d
-32.013195,8.451271,2,e877c03b218bddedd3b8
4.9211426,-9.710728,1,e89cdaa3f159a0d3f55e
-13.946747,-1.7947608,2,e9b6fa8a87469779d732
14.533875,12.587777,0,e9vzigim3qs88f721ohz
-23.346497,-27.046604,2,eacb3353d7bc80cf3e7a
-20.570658,-1.4290229,2,eb4493aa138e8edc3f6d
9.889643,-27.604355,1,eb93cedc17b4eac76750
17.432022,-33.11581,1,ebe7a295f61c831b0093
-28.761091,0.25250345,2,ec4897070f2d3b6eab89
9.067573,40.20572,0,ec5zb47nxjbuzemc81p0
-33.987762,-7.7887826,2,ec86426a6e0331d06091
15.556428,-33.773533,1,ed4b51eb098deb0ba58e
-37.94463,8.3176565,2,ed5a13234f04cae4894d
4.1707144,-27.413877,1,ed94d52e091b68ca5ee5
16.049744,-28.77775,1,ee07cc24589beb775d33
-34.54554,-10.568398,2,ee1ef9674f9e0bfca48b
0.670264,-12.645242,1,eec0307b4d47609d6933
22.117052,32.57322,0,ef04ejvyvmh5votejbif
-36.61032,-10.474263,2,ef133c92e274a97b6eeb
-34.31022,-13.4398575,2,ef912a5602a5f70b244b
-11.719206,-34.25185,2,efb9fe363bdeb9f48d69
-37.947914,2.4541,2,efd58fbebca61c41c881
14.319455,36.25218,0,em248gxmeso9cw0wzlv8
11.047711,19.9353,0,emnk7ob7xxxdiph6fun3
11.8175125,36.493282,0,erjfooit15024g7nj8co
18.573963,25.257507,0,exaiz0y0uvpeg498cg4j
5.686612,46.45287,0,exj3a7hd6gwihbowgm3w
12.511661,35.039272,0,ezdogkk0jqt4nvvvbnxp
-12.706961,-6.5953107,2,f05247f3d32a4bf5a6df
-24.65506,-16.397406,2,f058870b1bc33e288e82
-8.00955,-10.927245,2,f06c3ddb1a98713eeb32
-6.0815716,-3.068369,2,f1c1c0932bfeb74762d0
-28.58357,-4.298213,2,f22c9341431a6123f670
-30.455992,-5.256308,2,f25a777dbbda3d4314d7
1.2373983,-12.267088,1,f26c1d520ac39293c68a
-13.334394,-27.28504,2,f286ac7cd0663855cc5f
-18.03837,-22.983912,2,f36a755a3fa5db5c0743
-24.401108,-16.04279,2,f47eab262dd5809d4d60
-4.299386,-31.44572,1,f4e46ba446c56e56259b
-26.355246,-5.584177,2,f50dcd09709383fea95f
-0.9534126,48.146835,0,f527k17lr4aumahjtj92
-33.14599,0.0871601,2,f5c3c6eb77fac482de13
-1.9166642,36.778976,0,f5j3cojh9fr5gvylr0yi
11.806478,19.798944,0,f5jwwahac3fyc6rq5tex
-8.48361,-17.88344,2,f63cab44b941c6ca80d6
5.3383913,-30.087906,1,f7a14eb1e15ceeea955c
16.78837,-33.124916,1,f7c4a29d42220e1cea27
-19.511562,-1.7279074,2,f81f52969ef1de783de3
-14.661409,-17.055672,2,f82461b84c9c48a36613
-12.261415,-5.495125,2,f8c2f04e8e116f0fd237
17.384365,-27.624268,1,f964ee6bca634319a68f
-32.521187,8.741197,2,f9c641e9c05c243a751e
-8.899343,-15.968875,2,f9d95830556934ae9a01
3.892317,-12.099671,1,f9dde99f5db421171b51
-38.676052,-11.223809,2,f9ef2830cd485d038b53
8.481375,-16.487762,1,faa31dca7ed1dd11fe44
-24.105145,-17.158459,2,fabad359607dabbaaed4
-5.2812347,-30.136635,1,fb4411db1aac3cd2544b
-32.582783,-13.355468,2,fb5d5693ffa9f022a191
35.78502,12.594476,0,fb735wd248crm37cgmgw
-9.153052,-2.6666195,2,fc1c9dd58091c33d8888
3.9997616,-23.422188,1,fc39de3859d890b9693d
-27.233206,-26.858541,2,fc5a9edc3413ecece4bd
1.5645642,-33.814484,1,fc916744a3bd5120978f
-26.78728,-16.529623,2,fcf6463f948b24ac7cd8
20.346304,5.5628314,0,fcwom6dicy0kov3lxsf8
-24.573751,-1.7395622,2,fda1eaffdfa7350e5d97
-32.120667,-7.950674,2,fdd50b3ad56dcf116c82
-36.80185,11.93377,2,fdd714a996ac8bd8006d
-1.6308318,-26.508387,1,fe40bd528b4fbbf591e1
17.531864,-37.559208,1,fe5cf715d9c94fc7779e
-3.6897738,-16.737232,1,fe752a6d1aa3d710d738
17.61896,-36.48951,1,fef67841144f4c95a6c5
-32.945118,-13.84916,2,ff2d815d9ef74b153b54
-35.79379,3.1375086,2,ff59855075a6bc39d62b
15.380689,-25.389826,1,ff63c210b94623453b5f
16.388641,-33.0565,1,ffe3886e3e3bab0249b5
0.6131884,26.66933,0,fkenlzdweox7v0zaopqo
-1.1060578,43.790676,0,flde3irykh8wauaj2fuw
27.54063,22.347273,0,fnvhgnuqbir0drk8p1v2
-1.6968002,23.746872,0,fov3pbwdqzvhgcjp7o9f
-2.8572109,29.066534,0,fqcud1c5mt7pdp9w0v6y
31.56181,11.938494,0,fvlb9xi66oze7eo3yhdh
0.8730229,34.121014,0,fvqo3hum9a1rl6rxbyre
7.4740767,42.689888,0,fvurnsqlgyr9zbd6msqs
32.76562,16.863117,0,g4l5baozrnfblxayrhox
13.911969,20.059505,0,g5wbnnhq1jbyc32q3003
7.7808847,24.464966,0,ggweeccb6anw0j3y32t0
19.038305,6.573132,0,gj009a2t56bxjluh0mox
5.2293367,39.194305,0,gk8izwg77g6t4p5buiar
-1.3880866,39.01527,0,gm1xiqmop9j2d2acc2jg
17.782661,24.311329,0,gq3jw96afgct5rjiim20
11.202984,18.389584,0,gsirdbny6840zq22vo7a
20.506626,9.160486,0,gzthlilac9ixoayq02u1
0.21407916,27.171448,0,h6miro3m8713s3dxuipr
25.732794,24.393793,0,h7i4kmpsra4szfbhrcbh
8.736394,25.380915,0,h9urbo4ce8x02brjnloz
5.164304,24.307083,0,hc0idvz0lxc4zpx94cbx
35.099026,16.684076,0,hcm6w0jxnfqhkpm745cu
1.2514476,42.406788,0,hhplrx9xd7cm2w7aslma
13.446081,18.718557,0,hjcfqm1yfzh8s77mo3ec
9.855139,21.991814,0,hkk3qiui3e3r969oyfhf
17.293322,16.497316,0,hoedc2pzfz6av5bn1jq3
8.2543125,38.712975,0,hpb03ydulnt2b9ffa0j2
12.61484,40.455048,0,hpty3h6eij2tr467ueks
-27.5408,-26.755629,2,hq2dy5tjgczdmkvq0l2d
21.449318,7.7724133,0,hu267zw9zywa4ew3d5bw
13.018082,38.19491,0,hva2hcwvh4mv0i4t59t6
0.5660605,38.96385,0,hz3im1vs42bx5rxbn7wh
-1.9303355,30.953886,0,i1fr7kd71b2ni39kn958
19.016378,34.046772,0,i21qi5qdsjqcch2xvdd5
15.428964,27.146492,0,i39gdpglcxstun30b4yw
19.359993,10.357389,0,i3b6qk80m9jqwgft968o
-2.656952,27.034576,0,i5hexmb5zlzhd8lvwdv3
35.159557,11.775021,0,i8gdglua8vbd4ul9x09f
16.835732,34.336758,0,i8lx9f5ut0kaz120j30d
21.031332,6.2566,0,i8ryguu9cpkrb6ouhwqq
25.477629,20.487974,0,i8wbhc071gfhkbhtmeb1
18.641356,25.199644,0,icu31mfcha34dnwbsui2
14.357795,18.860918,0,ifj584ryrjv639n4nnsu
7.5583916,25.664867,0,ij9llitbhr4gi126l772
-1.4008603,26.223976,0,ijieo064jbrs5ss1cmol
26.708773,17.342669,0,ik7o5ykfnku0qp74sy1i
14.418496,19.736649,0,inyirhdpjahiguhs9e5b
17.008116,11.718859,0,ipd72mytvphpd9tcejgb
17.472637,21.536303,0,iqhpwbqkqi7kugzduhit
13.677304,39.22007,0,isa355t9q5rut5fm8aml
13.437689,28.133106,0,isavn2ahb9n5z1q8win5
7.2447424,26.539684,0,iwjs5oi2pl8omkdrs53q
12.228638,37.45269,0,j07d6onchxesk14v7b8w
4.0795236,42.567593,0,j605t14y7ie6vr2n8s2c
1.1802874,36.224804,0,j8inicu0iafkpv3u9431
4.6617727,38.3243,0,jb3fqd2b9oyprn83h646
23.82267,28.086168,0,je7kqkmpwkosa7nkgfpx
18.670164,14.072455,0,jhmn3s11l13woe6jy3zg
11.314915,43.734306,0,jivt017uwst4sg4fqlek
6.160568,26.116331,0,jj1jl4nhnkxllubypoq3
5.711581,24.959637,0,jjx780kahllbp5y3x7p8
1.1091611,45.432594,0,jnupp0jsv1kjsvbzlnrr
21.453447,19.222744,0,jsmqh4aa20rpfeqmyx4h
15.086536,21.226282,0,jtbq3gkfw2tcsjvfwm56
16.66667,16.282536,0,jv67r7eqa9z2a1777eex
17.44139,9.881055,0,jwdjcrxdn0um79f0rjvw
36.31719,14.951749,0,jyaxybaq8vui614ytd8i
23.096169,32.163788,0,k1r03pvvsv9zxrft5jgi
8.130298,45.570705,0,k4usquerebza4uy0i57h
20.808588,11.708634,0,k6jujv82n727fuwbxa6f
16.743319,28.025808,0,k6kv9y9tqfll5d282ymb
17.610199,25.78449,0,k7fa3kdg6dq9avbiqv1f
15.061236,13.030025,0,k8d21tlgxmu6i35atvub
5.892197,27.729927,0,kg28tppvvsvr918dkvlb
34.81373,14.986149,0,kilhyvtskm84umerpjee
34.75964,15.9684,0,kpw433bcv21ksp1wgrux
18.830748,17.8201,0,ksm67082xy9g2wnalt38
29.103523,14.1618,0,l1rn095adguamaugi4ux
10.22341,41.219814,0,l2yv9tvvcakn7ikerccy
1.5632349,48.830425,0,l41f9f1gb0y5rxcqfv64
6.24563,39.242203,0,l82rq4xaymt7t5uytax9
11.632216,21.791721,0,lewkf2owb42ywhfto9yf
35.977486,10.827656,0,lexte4gc3dvjb7ty0qf5
4.3315096,39.94251,0,lf5hmkicbiuolk7khwwb
-0.7219472,38.743114,0,ljylby8inwh5b93wkean
23.883738,19.404419,0,lpzjucfyqwtb8ihim9b3
10.90492,38.49554,0,lqg2nmqf4x8w52gx12xw
-3.015225,37.755352,0,lqm8jh0uggps7yd0lx2x
14.12672,36.43347,0,lswzzwjmreuixxjqglhy
2.6889973,41.20439,0,lvp2qmljigke8u0nfbvl
26.221615,25.358524,0,lx7vfcjhdxzh2wkt42hc
10.479784,45.08671,0,lzvutqpj9ggc0nwwsxcv
23.686525,29.407457,0,m380dsj058viwn3ly6j1
11.490956,31.224045,0,m3xzctvbxlbxz80zz042
34.488842,12.753499,0,m3y8jkkgflwqwcelrwzz
18.527868,21.530195,0,m4qqnaq8p8fn7b7bl5ic
0.46892136,48.791843,0,m6p2hujqw21vc4lyt3f3
5.2800317,36.063694,0,mbbw64iibpv7ndj2iie1
-0.9019456,38.2989,0,me044us8pj1824r4dye2
13.0803995,35.86895,0,me4d1o3nzhyoj0xfast0
3.5195706,31.828737,0,mhufhb84kyqgs0anwy1d
12.435197,23.2936,0,mm5p2ct8c21h4q753p3n
1.2213627,46.173607,0,mn8t0yyppsznr674ic1a
35.462242,15.588537,0,mqqf68ny1kdp6i69i7tt
29.046509,21.499554,0,msko5bf6rjt9adsuxby9
20.986046,14.921373,0,mwmft9w9vjod1g7jidmb
24.643646,6.524367,0,n1nh33yq3nhwt4mx36yc
7.847086,20.17317,0,n20d6b4o2g64oaa3q8ym
29.399591,17.84414,0,n2bgnbybijni2e9crs4x
23.035753,10.268176,0,n3dkt0eq0ekpby9lv06i
9.648706,31.601498,0,n8pe3tt7qmlgojwhhsj0
2.0118234,39.99268,0,nd9xpohv0s4ttw0o7fts
19.694407,7.4823747,0,ng2c52g74hfaudyxmm6m
10.735163,37.11126,0,nilkp0a54b01p87udccl
4.6547165,44.919132,0,nkr2o4v6q9alvt7ju51e
33.07766,15.376817,0,nl4vt11ikn4we06zu0zj
32.095192,14.291681,0,no0afrue2n6m8hcnuek1
21.379465,26.272371,0,nq4jln5s1zqjk7nwbbeo
22.0762,16.890062,0,nrv5a6tr3ya2iv3p5xpo
8.08663,21.833431,0,nx4zicy1jbulkuen41s5
8.47793,36.30753,0,ny6yox8nvtlotclebkk8
21.606699,30.323515,0,o3jddioub8dsv0fm22qn
18.614296,38.22152,0,o5lo8q4tb8yt0v8imkw4
19.893034,8.523051,0,o6kw9thwvq6csdr9taal
12.851148,23.273094,0,o6tn58jvkqobrz2qmf5i
23.699034,20.449207,0,obyl72l5qy37to65i5ml
2.6405401,33.295868,0,oc0ww31yssff9rktgowo
-1.1579609,27.22625,0,oi7j42phxrp4mc1n9h4b
11.42201,39.754574,0,oit2xadfbpuveswzx4pf
28.680687,7.478771,0,omzalmrzys0ymf4cgt03
18.29809,7.5544033,0,oppl3ojvw61dvd5yw1wl
24.25906,29.177288,0,orgvbr9mbmfo4z8tbsa3
15.153187,12.535852,0,oriig6s6fmvi4f7mxamy
2.8587995,42.624947,0,orubxhpr5e1heat93ue4
-2.0811458,46.71214,0,otznu9tyqq50x0xij3br
27.421305,20.696255,0,ov1tvylbnny48ojayssl
17.873438,27.691483,0,owzdfs89mm4ci0382a3b
8.752307,23.972767,0,oyaoqkf2b1we4b67bv8l
7.9435387,33.508457,0,p10d5vx8mpn0v82i51gp
4.1663594,28.910118,0,p3cs5x8cxrwubesmagvl
14.478294,16.836,0,p58nsuk0hj5uh2xk2k9p
5.6074376,46.414627,0,p611flt77czmqgut14jl
27.143187,16.371729,0,p6cp3ogj6xy2riczfupv
17.871944,29.62844,0,p8bk6cdfntr0humt6q45
18.044643,22.122364,0,p9a57kwg5xdwjzm8eql9
5.312148,40.477467,0,p9enp5lzhiufas1xpd8p
18.162683,29.066198,0,pammg9gw4enjosw3z60e
13.338943,29.313892,0,pg8ucem69ixbqhznx0x2
5.9492855,44.712585,0,pgknalznufvmvwgc1ca8
12.002817,38.043034,0,pgrig4vo54owe59j2j5f
24.55835,15.64642,0,pkjom9yr5m9690fg6wsi
7.4642806,42.89415,0,pr6b1twg5sgsrzek6adi
-1.9152954,34.88399,0,preni1j2j1gkvq1knpag
26.641539,14.4380455,0,putb7ja6dwpdag4bwvnj
37.18686,10.64705,0,pv0c4za1m616k25gfwfb
12.794908,30.129602,0,pva49fsfcbexwz1crjvg
13.717401,32.651257,0,pxnnkthuxasggux3hyae
21.608107,5.6321845,0,q1movls9kc4kglv6sb5g
18.121695,19.37717,0,qaubz3kt65qtoit8g4vi
35.494568,10.777403,0,qd5cqu3du8n28xxtkftw
7.5985317,28.427486,0,qg0soq1i1uy7yndj17gd
17.880867,30.454872,0,qkc2f9omqulfmn3j0m9p
16.451372,26.462034,0,qmf8702zbahi9083s7aq
15.989805,15.638312,0,qol4cum3ewnz45dzpijx
12.704371,26.68081,0,qrrck1nnty89cmohw40b
8.173756,36.5844,0,qu1rl2d6teeyti106rgx
11.255287,30.01034,0,quam8ci0euq2dz8xldzz
3.4758027,25.626442,0,qw19zri3d9vkqjhcn3xk
5.0923367,47.596382,0,qw1seyo5nrhlm8vby58w
6.915938,34.504696,0,qxnna0of95m3oebjc84f
15.627925,38.889614,0,qz6jjynwbd3szlp0rj04
4.685773,34.53097,0,r28s9kyo7knrvytyvmt8
15.265882,35.77058,0,r3uk44zat2tcyj5wmojt
3.8894465,35.817528,0,r4oklg89q3yx9o2dfq3q
17.15232,31.109894,0,r7embk7pqzg5g5p245x4
17.2874,36.630814,0,r9m46ndmmmzeeehft96z
24.687284,20.274767,0,rb8z9vpc5uyhbcaa71v5
20.228544,7.075798,0,rd32gyblqsfn03xatnmt
33.351646,18.898474,0,rd4p70jwu852pbdjwl2d
15.691045,22.605032,0,rdf3wmujcm1k56ftf8uc
-2.524044,27.152668,0,reo07h0d5zehmotdlz2w
20.221455,16.312178,0,rgl39qjfatpnh3v4o28m
32.10928,15.623204,0,rq44ojyrvdtad0tzsm32
5.504288,43.2707,0,rsclhbtmbxt0xrye64ax
16.593725,19.530212,0,rufanlg0slv70u876a05
7.8986173,45.519295,0,s0vfgmhobw9jq6al8iww
17.791412,39.69973,0,s8uk59p9w5ck47wlw3ea
5.996445,40.8571,0,s97masc6nt48h4ly8s1w
29.522402,17.729397,0,sbb3va36jvpkdpj257ek
20.710575,22.914068,0,scl0uh5ig9ehluvs46h2
26.110676,13.699929,0,sdun9fmcol7sud39mllw
14.010401,33.79306,0,sf30f3p1koevnfztc2pd
-14.086173,-30.533869,2,sfmngecoi3b7ahvhi2k6
25.369667,16.171963,0,shtnl1wh1mconb8od5ko
14.304351,28.862469,0,si6ymh6w7xbo2f40o0p8
3.6800365,34.481495,0,sie4alrjjjvlk0w9ye5l
18.295265,11.997895,0,siv6gzi7una85o8fzrwi
26.555866,5.810687,0,skyax9iocbd5gzronpru
5.9868574,28.73531,0,slmfpw1fyabrtys8ufg9
1.2716395,38.056675,0,spyu1at0d9k1wxtenlhe
12.611272,23.98289,0,ss27ig83t1pi1ztsy5w8
15.035458,21.009403,0,styld7k1gge5cvjria5b
14.004351,34.46874,0,sushd67p0jy6f04a3h0m
-1.879779,25.45738,0,svxexhg20hs3bbqd4fm7
14.208578,23.929768,0,sx57v4y3hp52f9selxdo
23.621058,20.827387,0,sx8c4g672zgcw7w2lflp
12.305775,27.867384,0,t23e5lcdy5k50uvg5k0v
16.794504,32.4346,0,t3wo8xb4rq94n3fpfk35
4.404693,32.54921,0,t5uf4x6hffga8in2ua6l
34.70538,10.768057,0,t7x7ydt3u1cd2svfvk4q
-2.894333,31.367315,0,t8a5fgt3wo8w18amulu3
6.9175735,26.684595,0,t8sflynjwck4f650mtvp
0.7302259,38.99736,0,t8zrwu8iwkcdnwf3ruse
32.870163,18.071424,0,t9a891e0764br5ujna1a
23.539188,29.870281,0,ta1gbqs6pw15bx0jb5on
20.181824,12.709275,0,tbypawuj167ycyvg8sc2
29.374289,15.698904,0,te17utf5x961ldgs8zwn
22.771458,8.439322,0,tezxtgugzffgu5fxr0cz
18.430384,23.184383,0,th28zykgzvfex40v22hz
25.356926,7.912608,0,ti44fbogdeqbfflbizj7
21.203403,21.508081,0,tndsnutlm99ld8f4uya0
0.39972696,45.15563,0,tp8x8dgd7d6dhpth8xni
15.633595,25.84565,0,ttsjumez81r1ot6tfe7n
20.767677,11.91658,0,tuidsy7wcktf3jppecp5
6.602381,44.765873,0,tv0sptqq56ri3dpcd9nl
1.5550056,27.602417,0,tvsgkf4oqh769h40lj43
22.573032,13.139869,0,twa56vh9h75mwaqdma1y
17.357971,31.857876,0,u2rchqp6tof1bkr07izf
3.8531039,38.98403,0,u968v341lom8drwdzqqj
3.0639713,33.66308,0,u9owl1eky0jf8t3nc50o
2.2449481,46.324905,0,ubi6gd21j9e9rw46hoz6
0.9627282,35.71828,0,ucxxvfcovdwuokyswife
23.960243,18.886694,0,udbo68xozj9btqumivk2
3.4103854,25.769636,0,uem908xkm2x04s4iu84k
25.72126,25.979038,0,ugaiak78ggmnku4yndlt
12.703109,17.798931,0,uhky1uwx18u1e4nixzzf
5.651164,42.43841,0,uhthvh60xp911d47x7xm
37.095303,10.470282,0,uk8sadmdmw8p7e22l2yr
1.9493095,46.32767,0,ulowmljtsh72z64haltq
34.471565,17.84027,0,uon3zzl9a1zr5zmeodmr
20.353458,34.22734,0,uvh2zil455wi0dcdan51
35.44155,12.75975,0,uy29im7a6hnc34lfp8ae
21.703032,6.4467125,0,uzk23hynw87co5ru0tr8
21.106703,14.2723,0,v4k20n9xryqdpe6fx42x
23.92261,9.847645,0,vbgs2hp7aiiw880dpm1s
2.447426,40.231976,0,vcw0s2e0akak8rqunatk
15.744769,38.631195,0,vd2j77wynysztt2wbv2v
17.842922,35.794918,0,vhlntoniujqiclub2juy
4.719779,40.789703,0,votyzmo33yg7y89dag17
4.515576,27.49197,0,vou4hlfvp8hv0r4odzq6
1.5478872,26.12063,0,vqz1prz6hwnqepxsieip
26.166542,26.621431,0,vrdxefyyyx3tkticfqnv
3.3207655,33.955383,0,vrx3ianblcyuixzmhzl2
9.319873,-32.56921,1,vwyziyyebvsje4dqjsrp
3.6853373,38.590965,0,vzdurh8f0rfus5h4bde2
4.1912317,36.909523,0,w0u7vzowm7eimiupvmm3
-2.6351936,35.489082,0,w1uwjc89gv68yxkutpoe
11.046075,17.327486,0,w9r5wihhl33fmutbq5qd
-2.1533995,24.11812,0,wbdvbdebq64ujpi9u7mn
23.534569,29.164814,0,wf7yq9n2spgto3w5ad9r
5.9861393,33.729435,0,wfsgbko6rfmajn85khu4
25.624603,10.489115,0,whzjoeh34i7o86p37u99
12.983199,24.674944,0,wi36b9plgjc82atx6z7h
4.872577,26.053478,0,wj1gt5zvzfnjf7xcf1c8
20.739378,20.083256,0,wmep7eexur6wwrlrz9sv
15.862419,14.935347,0,wmes720kojsggeq71m5y
13.426046,40.75262,0,woxwsoo99kl7vq4mk0rr
0.27118456,46.291485,0,wty9xgte39cr5rp39e50
12.59227,17.279161,0,wu3cwt7cavxrllp6s123
11.981059,33.746998,0,wwh529n48kyjq1xe9h46
33.01511,18.057287,0,wxgj9kdmdrmullrthnso
7.5592885,40.377537,0,wyhkcaf32y8h3707qzrz
0.101393506,46.638058,0,wzfry2domlqnblox9w1b
25.306318,22.896536,0,x7xh8m5fvmipvkav1cb4
27.46653,5.1453137,0,x8hldszj3z40bgxl4mci
14.80211,29.333277,0,x8hocidvl3emcmrhw2f8
2.691028,41.565445,0,x9xz7kb08kmf1tytnc1f
17.220858,28.126093,0,xf5q0ixkpbxl3w7k16qo
21.305326,34.06666,0,xgvqpyg5mro3wihwngur
1.8377589,44.151398,0,xh8a7nmtz192pknhec33
-2.095062,46.22976,0,xlp4p1b56hrhhyr2y3kd
-0.35467485,47.735065,0,xnvmb8uox3576k142awg
-2.1640916,29.557302,0,xsxczvs8iluovs3pt5q7
6.4368453,31.75244,0,xvfa4ysm4deeobu8wkym
9.825717,42.257053,0,xw0r5n17yfqv2va40bhi
11.096783,34.187267,0,xy7cro773yqyoblucwkp
25.951527,8.9591055,0,xz7x7kwsn26marn29mag
14.646224,25.949158,0,y0bdtutppfdzzttzq8dy
-0.45025808,30.183186,0,yb4sqfrwu788fa6y4zeb
27.89147,8.226562,0,yesnbayr80dvsb8ajp9v
6.5280094,24.319767,0,ygc6nfsry40yon3nicac
-3.194998,37.966496,0,ygoahstwe9gz9w87qncs
31.81356,12.642233,0,yj708ceb2o5gueez45or
36.720573,11.865431,2,ymb5gxf0fi27kpj2f101
12.655697,29.198952,0,yums89f0epz009xrrwrf
29.883883,20.439236,0,yvyud23n1eara086vntf
25.750475,14.931582,0,yyz9rmyzzdp52h0glddp
27.83748,20.159231,0,z0mde15metn3m79ek96y
36.752575,11.207125,0,z0ti2nr5nh9fpad7wntt
5.06623,34.06119,0,z23fh1v40p3hmxxspbo9
0.8811621,47.242405,0,z9q10sbk27qpuvatlkuw
37.802788,10.837725,0,zc7xkcpo969z98kh6bg8
2.1402535,48.18664,0,zeuj2ypen39p38d4m3oj
2.0100923,27.790613,0,zeuj820acn6zhcbx617v
3.1195772,44.94603,0,zhx5rxgopln1p5hd10ql
19.325506,12.346638,0,zlaig56ve06t7jruk2mr
33.30897,14.2515955,0,zon2ut7eqwqd7i86etaw
23.222301,14.078779,0,zoo8a9uj8a0dplifqzdp
29.891869,11.496893,0,zprxec1qxs8nqsmc5830
5.817047,41.483875,0,zq3xohaut5o9dbd9064z
21.772863,9.217066,0,zse4s5wowlo5xntqyqb4
12.821108,16.32441,0,zuw35j06tzftt6oon4c5
28.919033,13.605003,0,zyfp520tbnq5p2pvrkin
15.301603,12.19646,0,zylvq01zq0hxavbvsd2f
